Faces March 2017

03/01
Uni — Tudor SamuelOgden Adamya Marie Jase ShaunStevenson MosesPhilosophy StefanPhilosophy Jonathan Amine SamMitchell ACAGuy Andreea

03/02
Uni — Adamya TomFieldsend WillLogue Saad Jase DanGiddins Jonathan DavidMayMiller Andreea Elisha AlexShacklock Tudor Amine SamCurtis

03/03
Uni — Amine Andreea Warren Adamya Oiva RyanPhilosophy MariaPhilosophy SaraPhilosophy XitaPhilosophy
London — Mum JamesLambert MaxLambert Amanda Ruth RubenRuth EmilyPond

03/04
London — Mum Kofi Gavriel TomMilsom TanhimMurshid MayMalcolm AlexRose OmarBynon Amanda

03/05
London — Mum Rosalind FrancisRosalind Gavriel
Uni — Marie

03/06
Uni — Jase MosesPhilosohy Marie WillLogue Adamya JakeMurphy SamMitchell DanGiddins Tudor Oiva Andreea 

03/07
Uni — Adamya Andreea Amine Lewis Bartek Zahra Hana Marie IqraMalik HollyMarie BenMarie CatherineMarie WillBrookman MattHill KellyFlockhart 

03/08
Uni — Marie Adamya ShaunPhikosophy EvanPhilosophy StefanPhilosophy Jonathan Tudor SamuelOgden Lewis Andreea Nacho

03/09
Uni — Marie Elisha AlexShacklock Jase TomBain PareesaTai Adamya Oiva Eero

03/10
Uni — FelixFurness TomEastgate SamCurtis Jonathan

03/11
Uni — Adamya Tudor DavidTruby

03/12
Uni — Adamya
London — Dev Ruth Amanda
Uni — Adamya Marie

03/13
Uni — Adamya Jase Andreea Amine Ash

03/14
Uni — Marie Oiva WillLogue Jase DavidMayMiller SamCurtis Amine ACAJaseFriendGuy Tudor SamuelOgden Sherwyn

03/15
Uni — DanielBarovbe WillLogue JosephSigbeku SamMitchell SaadKhan SmokingStatsGirl Elisha Tudor SamuelOgden Hana Adamya Marie

03/16
Uni — Adamya Oiva Hana Bartek Zahra Tudor TudorFriend1 TudorFriend2 Jase Amine Sherwyn

03/17
Uni — Adamya Oiva MattHill Bartek WillBrookman Kelly JamesMattFriend Marie

03/18
Uni — Adamya LloydHarryDavis Marie
London — Ruth Amber

03/19
London — Ruth JamesLambert Amanda Amber Harun Shabana

03/20
London — Ruth Amanda JamesLambert
Uni — 

03/21
Uni — DavidTruby

03/22
Uni — Hana

03/23
Uni — Hana

03/24
Uni — 

03/25
Uni — Hana

03/26
Uni — Hana
Wales — Hana

03/27
Wales — Hana

03/28
Wales — Hana
Uni — Hana

03/29
Uni — Hana

03/30
Uni — Hana LloydHarryDavis

03/31
Uni — 